Shannon,Brennan,brennanshannon@fbla.ca,1113,12
Park,Hugo,hugopark@fbla.ca,1077,9
Castillo,Maximillian,maximilliancastillo@fbla.ca,1169,10
Sherman,Jovanny,jovannysherman@fbla.ca,1042,11
Spencer,Ali,alispencer@fbla.ca,1192,9
Solis,Jerome,jeromesolis@fbla.ca,1139,10
Spencer,Derek,derekspencer@fbla.ca,1157,11
Arias,Cortez,cortezarias@fbla.ca,1036,12
Wolfe,Pierre,pierrewolfe@fbla.ca,1169,10
Weeks,Gabriel,gabrielweeks@fbla.ca,1199,9
Last Name,First Name,Email,Student Number,Grade
